{
  "10,1": 3.6,
  "10,2": 9.222222222222221,
  "10,3": 20.0,
  "10,4": 27.285714285714285,
  "20,1": 3.2,
  "20,2": 8.578947368421053,
  "20,3": 17.555555555555557,
  "20,4": 31.000000000000004,
  "30,1": 3.3333333333333335,
  "30,2": 8.655172413793103,
  "30,3": 17.714285714285715,
  "30,4": 31.666666666666657,
  "40,1": 3.6,
  "40,2": 9.307692307692308,
  "40,3": 17.578947368421055,
  "40,4": 30.89189189189189,
  "50,1": 3.92,
  "50,2": 9.204081632653061,
  "50,3": 17.333333333333332,
  "50,4": 31.638297872340424,
  "60,1": 3.2666666666666666,
  "60,2": 9.0,
  "60,3": 17.86206896551724,
  "60,4": 31.42105263157895,
  "70,1": 3.657142857142857,
  "70,2": 9.202898550724637,
  "70,3": 17.411764705882355,
  "70,4": 31.62686567164179,
  "80,1": 4.05,
  "80,2": 9.354430379746836,
  "80,3": 17.58974358974359,
  "80,4": 31.25974025974026,
  "90,1": 3.6,
  "90,2": 9.202247191011235,
  "90,3": 17.636363636363637,
  "90,4": 31.252873563218387,
  "100,1": 4.0,
  "100,2": 9.484848484848484,
  "100,3": 17.918367346938773,
  "100,4": 31.49484536082474,
  "110,1": 3.6363636363636362,
  "110,2": 9.128440366972477,
  "110,3": 17.185185185185187,
  "110,4": 31.317757009345797,
  "120,1": 4.033333333333333,
  "120,2": 9.168067226890756,
  "120,3": 17.728813559322035,
  "120,4": 31.64957264957265,
  "130,1": 3.723076923076923,
  "130,2": 9.13953488372093,
  "130,3": 17.75,
  "130,4": 31.362204724409448,
  "140,1": 4.114285714285714,
  "140,2": 9.23021582733813,
  "140,3": 17.710144927536234,
  "140,4": 31.52554744525547,
  "150,1": 3.84,
  "150,2": 9.25503355704698,
  "150,3": 17.83783783783784,
  "150,4": 31.17687074829932,
  "160,1": 4.225,
  "160,2": 9.025157232704403,
  "160,3": 17.594936708860757,
  "160,4": 31.636942675159236,
  "170,1": 3.976470588235294,
  "170,2": 9.106508875739644,
  "170,3": 17.238095238095237,
  "170,4": 31.80239520958084,
  "180,1": 3.7555555555555555,
  "180,2": 9.044692737430168,
  "180,3": 17.595505617977523,
  "180,4": 30.999999999999996,
  "190,1": 3.557894736842105,
  "190,2": 8.98941798941799,
  "190,3": 17.61702127659574,
  "190,4": 31.609625668449198,
  "200,1": 3.92,
  "200,2": 9.301507537688442,
  "200,3": 17.595959595959595,
  "200,4": 31.46700507614213
}