{
  "10,H": 10.0,
  "10,T": 10.0,
  "20,H": 10.333333333333334,
  "20,T": 10.333333333333334,
  "30,H": 9.666666666666666,
  "30,T": 9.857142857142858,
  "40,H": 9.727272727272727,
  "40,T": 9.666666666666666,
  "50,H": 9.727272727272728,
  "50,T": 9.545454545454547,
  "60,H": 9.461538461538462,
  "60,T": 9.588235294117647,
  "70,H": 9.736842105263158,
  "70,T": 9.588235294117647,
  "80,H": 9.588235294117647,
  "80,T": 9.666666666666668,
  "90,H": 9.666666666666668,
  "90,T": 9.666666666666668,
  "100,H": 9.48,
  "100,T": 9.363636363636363,
  "110,H": 9.466666666666669,
  "110,T": 9.666666666666666,
  "120,H": 9.370370370370372,
  "120,T": 9.230769230769232,
  "130,H": 9.375,
  "130,T": 9.727272727272727,
  "140,H": 9.451612903225806,
  "140,T": 9.727272727272727,
  "150,H": 9.375,
  "150,T": 9.424242424242424,
  "160,H": 9.486486486486488,
  "160,T": 9.432432432432433,
  "170,H": 9.638297872340425,
  "170,T": 9.428571428571429,
  "180,H": 9.418604651162791,
  "180,T": 9.571428571428571,
  "190,H": 9.41860465116279,
  "190,T": 9.418604651162791,
  "200,H": 9.52,
  "200,T": 9.695652173913043
}